Ticker,Tier,Price,P/E,Sector,Z-Score,ROIC %,Op Margin %,Avg Margin (4Y),Curr Ratio,Int Cov,Mkt Cap (B)
WPM.TO,Fortress,161.36,53.43,Basic Materials,267.53,8.72,66.54,50.89,8.089,2269.82,73.26
FNV.TO,Fortress,284.51,43.5,Basic Materials,99.59,12.2,70.04,62.22,4.641,7640.0,54.85
LUG.TO,Fortress,114.02,29.39,Basic Materials,56.3,66.57,62.0,45.55,3.227,3.65,27.53
DPM.TO,Fortress,42.42,18.13,Basic Materials,44.59,20.76,42.96,36.22,2.774,176.88,9.41
ASM.TO,Fortress,8.54,44.95,Basic Materials,35.06,11.12,32.56,6.68,2.754,38.26,1.34
DSG.TO,Fortress,120.41,49.55,Technology,24.86,13.47,30.54,27.88,1.834,191.87,10.35
KNT.TO,Fortress,22.69,16.09,Basic Materials,23.86,30.81,68.87,35.98,3.285,456.18,5.52
GRGD.TO,Fortress,82.67,43.74,Consumer Cyclical,14.31,45.97,33.04,16.06,1.713,6.57,8.96
WDO.TO,Fortress,22.74,11.91,Basic Materials,14.17,29.95,55.55,21.26,4.793,83.52,3.43
OGC.TO,Fortress,38.9,16.62,Basic Materials,10.78,12.37,36.34,20.19,1.274,12.14,8.89
DNG.TO,Fortress,5.87,11.51,Basic Materials,10.12,25.9,7.9,9.47,4.633,68.99,0.25
TXG.TO,Fortress,65.54,14.06,Basic Materials,8.91,19.55,43.61,32.65,1.377,100.0,6.3
ALS.TO,Fortress,40.84,5.34,Basic Materials,8.71,15.66,41.82,50.25,8.46,11.53,1.89
AEM.TO,Fortress,232.76,24.87,Basic Materials,8.41,10.21,53.1,29.01,2.12,33.63,116.93
AGI.TO,Fortress,53.0,30.29,Basic Materials,8.08,10.53,80.68,28.96,1.717,35.88,22.25
ATZ.TO,Fortress,117.35,48.69,Consumer Cyclical,7.99,17.56,11.24,11.61,1.441,6.99,13.53
MSA.TO,Fortress,5.62,7.7,Basic Materials,7.93,31.48,37.5,22.59,1.691,18.14,1.66
PAAS.TO,Fortress,71.16,30.03,Basic Materials,7.78,7.36,30.05,7.2,2.313,10.07,30.03
APM.TO,Fortress,9.76,13.94,Basic Materials,7.44,15.31,33.71,5.28,2.678,6.17,1.45
LIF.TO,Fortress,29.87,17.47,Basic Materials,7.4,20.26,75.13,76.04,1.785,100.0,1.91
K.TO,Fortress,38.66,19.72,Basic Materials,7.32,15.62,44.25,13.05,2.83,30.33,47.12
HWX.TO,Fortress,9.37,12.84,Energy,7.21,30.1,38.65,38.91,1.316,101.82,2.24
TIH.TO,Fortress,166.05,27.49,Industrials,6.84,19.84,14.41,13.97,3.091,25.26,13.51
PSI.TO,Fortress,11.99,15.37,Energy,6.74,18.43,20.03,29.62,2.529,100.0,0.94
GIL.TO,Fortress,85.79,20.14,Consumer Cyclical,6.39,20.83,23.23,19.48,2.008,7.02,15.89
SVM.TO,Fortress,11.48,76.53,Basic Materials,6.25,10.35,42.7,30.35,4.588,22.11,2.53
RCH.TO,Fortress,39.56,26.03,Consumer Cyclical,5.77,11.98,7.67,10.92,3.207,11.36,2.18
TCW.TO,Fortress,5.94,10.61,Energy,5.71,27.03,12.69,11.85,2.874,59.65,1.26
BDGI.TO,Fortress,73.13,29.37,Industrials,5.64,15.63,13.16,6.6,1.477,5.63,2.47
CG.TO,Fortress,19.76,8.94,Basic Materials,5.6,8.84,34.06,13.73,2.888,160.69,3.99
RUS.TO,Fortress,43.8,15.0,Industrials,5.35,12.78,4.4,9.08,3.622,9.67,2.44
MDI.TO,Fortress,12.9,67.89,Basic Materials,5.1,6.6,8.4,10.02,2.487,,1.06
IMG.TO,Fortress,22.65,29.04,Basic Materials,5.08,20.2,35.3,7.83,1.684,374.85,13.43
FVI.TO,Fortress,13.45,11.7,Basic Materials,4.97,12.97,64.23,18.55,3.298,8.31,4.13
ABX.TO,Fortress,59.79,20.98,Basic Materials,4.85,11.18,49.01,30.18,2.944,11.89,102.0
CEU.TO,Fortress,12.27,15.53,Energy,4.79,22.0,10.52,9.13,3.016,7.88,2.61
ATH.TO,Fortress,7.03,8.08,Energy,4.78,29.97,27.38,25.32,2.016,13.06,3.42
NWC.TO,Fortress,48.91,16.64,Consumer Defensive,4.75,16.76,9.46,8.38,2.258,11.2,2.33
VNP.TO,Fortress,17.72,26.45,Basic Materials,4.74,10.36,25.48,5.91,2.973,3.57,1.58
ENGH.TO,Fortress,20.36,15.19,Technology,4.57,14.43,20.01,19.4,1.715,182.27,1.11
IMO.TO,Fortress,118.58,15.14,Energy,4.29,17.48,11.59,12.66,1.472,153.17,60.36
MRU.TO,Fortress,98.79,21.34,Consumer Defensive,4.15,11.89,6.31,6.83,1.296,9.05,21.49
FRU.TO,Fortress,15.19,18.99,Energy,4.02,14.28,51.54,57.64,1.63,13.41,2.49
STN.TO,Fortress,129.52,30.55,Industrials,3.94,11.72,13.66,7.34,1.27,4.95,14.77
CCL-B.TO,Fortress,86.7,18.89,Consumer Cyclical,3.93,14.28,15.28,14.17,2.194,10.75,15.02
LUN.TO,Fortress,29.5,98.33,Basic Materials,3.75,5.84,31.83,24.27,1.514,4.08,25.25
FTT.TO,Fortress,74.37,17.71,Industrials,3.6,17.81,8.23,8.0,1.648,5.33,9.86
L.TO,Fortress,62.05,30.27,Consumer Defensive,3.54,13.53,6.89,6.01,1.35,4.59,73.29
ARIS.TO,Fortress,22.26,60.16,Basic Materials,3.4,5.73,40.92,29.55,2.415,3.9,4.51
RBA.TO,Fortress,141.31,49.07,Industrials,3.34,7.48,14.74,18.6,1.233,3.35,26.24
CMG.TO,Fortress,5.22,20.88,Technology,3.3,25.44,17.16,33.02,1.317,18.35,0.43
POU.TO,Fortress,24.19,2.58,Energy,3.3,9.6,2.77,22.46,3.354,51.87,3.47
PHX.TO,Fortress,7.5,6.94,Energy,3.28,24.67,2.0,8.13,1.901,32.76,0.34
ELD.TO,Fortress,49.33,19.81,Basic Materials,3.24,8.4,39.69,19.59,2.794,22.64,9.92
FAR.TO,Fortress,2.4,10.91,Basic Materials,3.08,27.83,12.95,13.7,1.347,5.44,0.24
PET.TO,Fortress,27.89,20.36,Consumer Cyclical,2.76,21.01,15.7,15.72,1.275,3.77,1.92
CVE.TO,Fortress,23.22,13.42,Energy,2.6,9.6,11.0,10.14,1.729,7.27,43.8
CIA.TO,Fortress,5.49,24.95,Basic Materials,2.58,11.14,26.77,33.56,2.568,9.17,2.98
TCL-A.TO,Fortress,22.72,11.14,Consumer Cyclical,2.48,10.13,11.54,8.21,1.292,6.08,1.9
SU.TO,Fortress,60.92,14.2,Energy,2.3,11.24,19.35,17.96,1.348,12.8,73.91
WN.TO,Fortress,94.69,25.25,Consumer Defensive,2.28,11.91,8.38,7.46,1.416,3.76,36.2
DOO.TO,Fortress,97.05,29.23,Consumer Cyclical,2.26,8.86,9.04,12.88,1.229,1.8,7.12
RSI.TO,Fortress,5.95,12.14,Consumer Defensive,2.14,11.78,6.81,7.79,1.782,4.99,0.76
DBM.TO,Fortress,9.36,10.64,Industrials,2.13,6.29,4.65,5.21,1.378,2.16,0.82
PBH.TO,Fortress,101.71,69.19,Consumer Defensive,2.11,7.51,4.6,5.23,1.328,1.85,4.54
EFX.TO,Fortress,21.16,14.01,Energy,2.07,9.79,13.0,5.23,1.24,1.79,2.59
KEY.TO,Fortress,44.0,23.53,Energy,2.06,11.31,9.89,12.62,1.881,3.88,10.09
MTL.TO,Fortress,15.74,14.85,Industrials,2.02,9.53,10.58,9.98,1.974,4.18,1.37
BDI.TO,Fortress,14.66,25.28,Industrials,2.01,8.05,14.56,12.08,1.352,3.62,0.99
MX.TO,Fortress,54.44,13.34,Basic Materials,1.93,7.03,8.61,10.84,2.087,3.11,4.21
CTC-A.TO,Fortress,173.94,12.26,Consumer Cyclical,1.93,8.49,8.89,9.43,1.8,13.0,9.29
EIF.TO,Fortress,81.96,29.7,Industrials,1.77,7.75,13.25,11.3,1.791,2.22,4.45
SOBO.TO,Fortress,37.75,17.32,Energy,1.0,8.42,32.32,35.03,1.359,2.08,7.86
ACO-X.TO,Fortress,56.38,14.72,Utilities,0.84,5.74,22.8,25.32,1.809,2.65,6.44
